key,name,value,unit,role,source,date,notes
indeed_premium_rate,Indeed Premium cost per campaign per day,44,gbp_per_day,all,agreed,2026-09-17,Hold-back = campaigns x days in month x this rate
role_cpa_benchmark,Role benchmark cost per application,48.20,gbp,SMR,agreed,2026-09-17,Anchor for thin platform figures; unchanged from the previous method
role_cpa_benchmark,Role benchmark cost per application,63.46,gbp,Patrol,agreed,2026-09-17,Anchor for thin platform figures; unchanged from the previous method
cpa_prior_apps,Applications of evidence before a cell's own cost per application is trusted,35,count,all,agreed,2026-09-17,Blend strength of the usual cost per application; unchanged from the previous method
cap_multiple_default,Spending cap multiple (default),1,multiple,all,agreed,2026-09-17,Agreed 17 Sep 2026: applied to the largest successful month; editable on Setup from 1 to 3 for each plan; the plan never spends above the caps
data_settle_days,Days between a month's end and the date its data was taken before the month counts,31,days,all,agreed,2026-09-17,"Agreed 17 Sep 2026 (Stage 2 review 2). Plan 2a data (taken 24 July) and the live data (16 September) held identical Indeed, Meta and Appcast figures for every complete month, including June 24 days after it ended; 31 days adds a margin. A plan can include months still settling (Setup option, off by default); any such month is flagged."
typical_month_min_spend,Smallest monthly spend counted towards a platform's typical month,100,gbp,all,agreed,2026-09-17,Unchanged from the previous method
eploy_first_month,First application month used from the Eploy dataset,2025-10,month,all,agreed,2026-09-17,The corrected dataset started in October 2025
hire_maturity_months,Months that must start after an application month before its hire outcomes count,3,months,all,agreed,2026-09-17,"Hire rate by application month was 2.0% to 2.6% January to June, 1.79% July, 0.99% August. On the file dated 2026-09-15, October to June counted."
screening_maturity_months,Months that must start after an application month before its screening outcomes count,4,months,all,tested,2026-09-17,"Measured on the Eploy file dated 2026-09-15: from June 2026 the share of regions more than 25% below their Jan to Jun screening norm rose (SMR 2 of 6 June, 3 of 8 July, 4 of 9 August; Patrol 2 of 4, 3 of 5, 3 of 3) against 0 or 1 in most earlier months; May was settled for both roles. June to August were excluded."
screen_blend_n,Screening pass rate blend strength for Indeed and Appcast (applications),5,count,SMR,tested,2026-09-17,"Tested 2026-09-17 on Eploy 2026-09-15: each of 2026-03, 2026-04, 2026-05 predicted from the months before it (from 2025-10; at least 5 months of history); beat the average by 2.1 units after dispersion 10.22 (needs 2); log-likelihood by strength (0: -482.1, 5: -482.1, 10: -482.1, 25: -482.2, 50: -482.5, 100: -483.4, 200: -485.4, 400: -488.6, 800: -492.6, 1600: -496.4, 3200: -499.4, 100000: -504.0); 100000 means the role average. Leaving out each test month: 2026-03 0, 2026-04 100000, 2026-05 100000; UNSTABLE."
screen_blend_n,Screening pass rate blend strength for Indeed and Appcast (applications),0,count,Patrol,tested,2026-09-17,"Tested 2026-09-17 on Eploy 2026-09-15: each of 2026-03, 2026-04, 2026-05 predicted from the months before it (from 2025-10; at least 5 months of history); beat the average by 3.5 units after dispersion 7.38 (needs 2); log-likelihood by strength (0: -317.4, 5: -317.4, 10: -317.4, 25: -317.5, 50: -317.7, 100: -318.1, 200: -318.9, 400: -320.5, 800: -323.2, 1600: -327.0, 3200: -331.4, 100000: -342.9); 100000 means the role average. Leaving out each test month: 2026-03 0, 2026-04 0, 2026-05 0; stable."
meta_google_pull,Share of the way Meta and Google screening rates move to the role average,0.5,share,all,agreed,2026-09-17,Halfway regardless of volume (last-source attribution)
location_screen_blend_n,Location screening adjustment blend strength (applications),400,count,SMR,tested,2026-09-17,"Tested 2026-09-17 on Eploy 2026-09-15: each of 2026-03, 2026-04, 2026-05 predicted from the months before it (from 2025-10; at least 5 months of history); beat the average by 3.3 units after dispersion 1.88 (needs 2); log-likelihood by strength (0: -1279.0, 5: -1190.7, 10: -1190.6, 25: -1190.1, 50: -1189.5, 100: -1188.8, 200: -1187.9, 400: -1187.5, 800: -1188.0, 1600: -1189.2, 3200: -1190.8, 100000: -1193.7); 100000 means no location adjustment. Leaving out each test month: 2026-03 100000, 2026-04 50, 2026-05 200; UNSTABLE."
location_screen_blend_n,Location screening adjustment blend strength (applications),200,count,Patrol,tested,2026-09-17,"Tested 2026-09-17 on Eploy 2026-09-15: each of 2026-03, 2026-04, 2026-05 predicted from the months before it (from 2025-10; at least 5 months of history); beat the average by 9.0 units after dispersion 2.19 (needs 2); log-likelihood by strength (0: -839.5, 5: -839.2, 10: -839.1, 25: -838.8, 50: -838.4, 100: -838.1, 200: -838.0, 400: -838.8, 800: -841.0, 1600: -844.7, 3200: -848.9, 100000: -857.6); 100000 means no location adjustment. Leaving out each test month: 2026-03 800, 2026-04 5, 2026-05 100; UNSTABLE."
region_hire_blend_n,Regional hire rate after screening blend strength (applications passed screening),100000,count,SMR,tested,2026-09-17,"Tested 2026-09-17 on Eploy 2026-09-15: each of 2026-03, 2026-04, 2026-05 predicted from the months before it (from 2025-10; at least 5 months of history); the average predicted best; log-likelihood by strength (0: -216.7, 5: -204.9, 10: -204.3, 25: -203.4, 50: -202.8, 100: -202.4, 200: -202.2, 400: -202.1, 800: -202.1, 1600: -202.1, 3200: -202.1, 100000: -202.1); 100000 means the role average. Leaving out each test month: 2026-03 100000, 2026-04 100000, 2026-05 100000; stable."
region_hire_blend_n,Regional hire rate after screening blend strength (applications passed screening),100000,count,Patrol,tested,2026-09-17,"Tested 2026-09-17 on Eploy 2026-09-15: each of 2026-03, 2026-04, 2026-05 predicted from the months before it (from 2025-10; at least 5 months of history); the average predicted best; log-likelihood by strength (0: -147.6, 5: -135.3, 10: -134.9, 25: -134.1, 50: -133.5, 100: -132.8, 200: -132.4, 400: -132.1, 800: -131.9, 1600: -131.8, 3200: -131.8, 100000: -131.8); 100000 means the role average. Leaving out each test month: 2026-03 100000, 2026-04 100000, 2026-05 100000; stable."
paid_hire_reconciliation_factor,Scaling that makes past predicted hires equal the hires Eploy credited to the four platforms,1.0984,multiple,SMR,tested,2026-09-17,"Tested 2026-09-17: application months 2025-10 to 2026-05 (8 months); the model gave 70.1 hires from 4142 platform applications (SMR data from rac_data.js (the live app's data, taken 2026-09-17); Eploy 2026-09-15); Eploy credited 77 hires to Indeed, Meta, Google and Appcast."
paid_hire_reconciliation_factor,Scaling that makes past predicted hires equal the hires Eploy credited to the four platforms,1.1121,multiple,Patrol,tested,2026-09-17,"Tested 2026-09-17: application months 2025-10 to 2026-05 (8 months); the model gave 59.3 hires from 4436 platform applications (Patrol data from rac_data.js (the live app's data, taken 2026-09-17); Eploy 2026-09-15); Eploy credited 66 hires to Indeed, Meta, Google and Appcast."
other_hires_monthly,Expected hires from other sources each month (before any share credited to paid media),9.875,hires,SMR,tested,2026-09-17,"Tested 2026-09-17: starting value for Setup (editable per plan); average of the hires Eploy recorded outside the four platforms each month, all locations including no region: 2025-10 9, 2025-11 6, 2025-12 10, 2026-01 11, 2026-02 3, 2026-03 16, 2026-04 16, 2026-05 8"
other_hires_monthly,Expected hires from other sources each month (before any share credited to paid media),14.125,hires,Patrol,tested,2026-09-17,"Tested 2026-09-17: starting value for Setup (editable per plan); average of the hires Eploy recorded outside the four platforms each month, all locations including no region: 2025-10 10, 2025-11 11, 2025-12 19, 2026-01 22, 2026-02 18, 2026-03 7, 2026-04 15, 2026-05 11"
other_hires_credit_factor,Other-source hires per past predicted paid-media hire,1.1269,multiple,SMR,tested,2026-09-17,"Tested 2026-09-17: application months 2025-10 to 2026-05 (8 months); Eploy recorded 79 hires from other sources against 70.1 model hires. With paid_hire_reconciliation_factor it adds up to 2.2253, the earlier scaling to all 156 hires."
other_hires_credit_factor,Other-source hires per past predicted paid-media hire,1.904,multiple,Patrol,tested,2026-09-17,"Tested 2026-09-17: application months 2025-10 to 2026-05 (8 months); Eploy recorded 113 hires from other sources against 59.3 model hires. With paid_hire_reconciliation_factor it adds up to 3.0161, the earlier scaling to all 179 hires."
other_hires_credited_share,Share of other-source hires credited to paid media (default),0,share,SMR,agreed,2026-09-17,"Agreed 17 Sep 2026 (Stage 2 review): editable on Setup for each plan, 0% to 100%. The rest is the fixed line Expected hires from other sources. Per-platform shares are phase 2 (MMM)."
other_hires_credited_share,Share of other-source hires credited to paid media (default),0,share,Patrol,agreed,2026-09-17,"Agreed 17 Sep 2026 (Stage 2 review): editable on Setup for each plan, 0% to 100%. The rest is the fixed line Expected hires from other sources. Per-platform shares are phase 2 (MMM)."
other_hires_recent_from,First month of the recent average of other-source hires shown on Setup,2026-03,month,all,agreed,2026-09-17,Agreed 17 Sep 2026: shown beside the starting value because tracking was fixed from March 2026. Information only; the starting value is the average of all settled months.
combined_activity_includes_display,"Google Display remarketing campaign sits in the Combined Activity hold-back (1 yes, 0 no)",1,flag,all,agreed,2026-09-17,"Agreed 17 Sep 2026: ""RAC | Conversion | Dynamic Remarketing | UK | GD DR"" is part of Combined Activity. Its spend is in the Combined Activity hold-back, not the planner's Google spend (Google Search only). Eploy applications coded to Google Display still count as Google."
d1_role_rate,Shared diminishing returns rate (1 means none),0.7,exponent,SMR,tested,2026-09-17,"Tested 2026-09-17: best of 0.2, 0.3, 0.4, 0.5, 0.6, 0.7, 0.8, 0.9, 1 by Poisson deviance predicting each month from earlier months, test months 2025-12 to 2026-07, each with at least 5 earlier months (SMR data from rac_data.js (the live app's data, taken 2026-09-17)), window year to date with the last 3 months x2. Leaving out each test month: 2025-12 0.8, 2026-01 0.7, 2026-02 0.8, 2026-03 0.8, 2026-04 0.7, 2026-05 0.7, 2026-06 0.7, 2026-07 0.7; stable (unstable if any moves by more than 0.1)."
d1_role_rate,Shared diminishing returns rate (1 means none),0.6,exponent,Patrol,tested,2026-09-17,"Tested 2026-09-17: best of 0.2, 0.3, 0.4, 0.5, 0.6, 0.7, 0.8, 0.9, 1 by Poisson deviance predicting each month from earlier months, test months 2025-12 to 2026-07, each with at least 5 earlier months (Patrol data from rac_data.js (the live app's data, taken 2026-09-17)), window year to date with the last 3 months x2. Leaving out each test month: 2025-12 0.6, 2026-01 0.6, 2026-02 0.6, 2026-03 0.6, 2026-04 0.7, 2026-05 0.6, 2026-06 0.6, 2026-07 0.7; stable (unstable if any moves by more than 0.1)."
d1_prior_strength,Location-months of evidence before a platform's own rate is trusted,100000,count,SMR,tested,2026-09-17,"Tested 2026-09-17: best of 0, 5, 10, 20, 50, 100, 100000; 100000 means every platform takes the shared rate; the shared rate predicted best (test months 2025-12 to 2026-07, each with at least 5 earlier months (SMR data from rac_data.js (the live app's data, taken 2026-09-17)), window year to date with the last 3 months x2). Leaving out each test month: 2025-12 100000, 2026-01 100000, 2026-02 100000, 2026-03 100000, 2026-04 100000, 2026-05 100000, 2026-06 100000, 2026-07 100000; stable."
d1_prior_strength,Location-months of evidence before a platform's own rate is trusted,100000,count,Patrol,tested,2026-09-17,"Tested 2026-09-17: best of 0, 5, 10, 20, 50, 100, 100000; 100000 means every platform takes the shared rate; the shared rate predicted best (test months 2025-12 to 2026-07, each with at least 5 earlier months (Patrol data from rac_data.js (the live app's data, taken 2026-09-17)), window year to date with the last 3 months x2). Leaving out each test month: 2025-12 100000, 2026-01 100000, 2026-02 100000, 2026-03 100000, 2026-04 100000, 2026-05 100000, 2026-06 100000, 2026-07 100000; stable."
remaining_error_factor,Remaining-error adjustment to cost per application,1.1134,multiple,SMR,tested,2026-09-17,"Tested 2026-09-17: predicted over actual applications in all test months at the chosen rate (test months 2025-12 to 2026-07, each with at least 5 earlier months (SMR data from rac_data.js (the live app's data, taken 2026-09-17)), window year to date with the last 3 months x2); default for the Setup field. Leaving out each test month: 2025-12 1.113, 2026-01 1.150, 2026-02 1.159, 2026-03 1.117, 2026-04 1.140, 2026-05 1.112, 2026-06 1.139, 2026-07 1.096; stable (unstable if any moves by more than 5%)."
remaining_error_factor,Remaining-error adjustment to cost per application,1.0196,multiple,Patrol,tested,2026-09-17,"Tested 2026-09-17: predicted over actual applications in all test months at the chosen rate (test months 2025-12 to 2026-07, each with at least 5 earlier months (Patrol data from rac_data.js (the live app's data, taken 2026-09-17)), window year to date with the last 3 months x2); default for the Setup field. Leaving out each test month: 2025-12 1.014, 2026-01 1.022, 2026-02 0.998, 2026-03 1.038, 2026-04 1.057, 2026-05 0.949, 2026-06 1.024, 2026-07 1.162; UNSTABLE (unstable if any moves by more than 5%)."
remaining_error_months,Latest test months the remaining-error adjustment is learned from (0 means all),0,months,all,tested,2026-09-17,"Tested 2026-09-17: typical miss (root mean square of log misses) by months the adjustment was learned from: 3: SMR 0.161, Patrol 0.364; 6: SMR 0.166, Patrol 0.344; all: SMR 0.159, Patrol 0.343. Lowest total kept."
range_apps_low,Plan range for applications: lower end (miss),-0.1526,miss,SMR,tested,2026-09-17,"Tested 2026-09-17: 10th percentile (PERCENTILE.INC) of application misses, each month predicted from earlier months only: 2026-03 -18.6%, 2026-04 +25.1%, 2026-05 +0.4%, 2026-06 +16.2%, 2026-07 -10.2%"
range_apps_low,Plan range for applications: lower end (miss),-0.2856,miss,Patrol,tested,2026-09-17,"Tested 2026-09-17: 10th percentile (PERCENTILE.INC) of application misses, each month predicted from earlier months only: 2026-03 +12.7%, 2026-04 -8.5%, 2026-05 -41.9%, 2026-06 +14.9%, 2026-07 +65.3%"
range_apps_high,Plan range for applications: upper end (miss),0.2155,miss,SMR,tested,2026-09-17,Tested 2026-09-17: 90th percentile of the same misses (5 test months)
range_apps_high,Plan range for applications: upper end (miss),0.4517,miss,Patrol,tested,2026-09-17,Tested 2026-09-17: 90th percentile of the same misses (5 test months)
range_apps_sigma,Spread of application misses in testing (log),0.1775,log,SMR,tested,2026-09-17,Tested 2026-09-17: standard deviation of log(1 + miss) over the same months
range_apps_sigma,Spread of application misses in testing (log),0.3829,log,Patrol,tested,2026-09-17,Tested 2026-09-17: standard deviation of log(1 + miss) over the same months
hire_range_draws,Simulated draws used to build hire ranges,2000,count,all,default,2026-09-17,"Hire ranges combine the application range with the uncertainty in the screening rates, hire rates after screening, the matching factor and the other-source baseline, from the counts behind each. Draws use a fixed seed, so the same plan always gives the same range."
low_confidence_rate_sd,Hire rate uncertainty above which a row is flagged low confidence (log),0.3,log,all,default,2026-09-17,"Proposed 17 Sep 2026: a spread of about plus or minus 35% in the hire rate behind the row, roughly fewer than 11 hires of evidence"
low_confidence_min_apps,Fewest applications behind a row's cost per application before its range is flagged low confidence,35,count,all,default,2026-09-17,"Proposed 17 Sep 2026: at 35 applications a row's own cost per application carries half the weight in the blend (cpa_prior_apps). A flag on how much wider a row's range is than the total was tried and rejected: the tested widening differs by role (SMR 800, Patrol 200), so it flagged 29 of 32 SMR rows and 3 of 40 Patrol rows."
row_widen_apps,Row range widening strength (applications),800,count,SMR,tested,2026-09-17,"Tested 2026-09-17: strength whose widened row ranges held the middle 80% of 176 location and platform misses most closely (held 79%); by strength 0: 28%, 1: 31%, 2: 31%, 5: 34%, 10: 36%, 25: 42%, 50: 47%, 100: 52%, 200: 61%, 400: 67%, 800: 79%, 1600: 90%, 3200: 98%, 6400: 100%"
row_widen_apps,Row range widening strength (applications),200,count,Patrol,tested,2026-09-17,"Tested 2026-09-17: strength whose widened row ranges held the middle 80% of 174 location and platform misses most closely (held 84%); by strength 0: 48%, 1: 49%, 2: 50%, 5: 52%, 10: 54%, 25: 59%, 50: 67%, 100: 75%, 200: 84%, 400: 89%, 800: 96%, 1600: 99%, 3200: 100%, 6400: 100%"
backtest_first_month,First month predicted in testing,2026-03,month,all,agreed,2026-09-17,"Each test month is predicted from earlier months only, and needs at least test_min_history_months settled months before it"
test_min_history_months,Settled months needed before a month can be used as a test month,5,months,all,agreed,2026-09-17,Agreed 17 Sep 2026 (Stage 2 review 2): applies to every test that sets a tested value
own_figure_min_gain,"How much better a location or platform figure must predict before it replaces the average (log-likelihood units, after allowing for extra month-to-month variation)",2,loglik,all,default,2026-09-17,"Proposed 17 Sep 2026: 2 units is a likelihood ratio of about 7 to 1, a common threshold for positive evidence. The gain is divided by the spread of the test months beyond pure chance (at least 1), so noisy months need a bigger gain."
range_low_percentile,Lower end of the plan range (percentile of testing misses),0.10,share,all,agreed,2026-09-17,Middle 80% of misses; Excel PERCENTILE.INC
range_high_percentile,Upper end of the plan range (percentile of testing misses),0.90,share,all,agreed,2026-09-17,Middle 80% of misses; Excel PERCENTILE.INC
range_hit_rate_min_months,Test months needed before any hit-rate claim,12,count,all,default,2026-09-17,No hit-rate claim until there are this many test months
ceiling_first_month,First month considered for spending caps,2026-01,month,all,agreed,2026-09-17,Settled 2026 months
ceiling_min_spend,Smallest monthly spend for a month to count towards a spending cap,200,gbp,all,agreed,2026-09-17,
ceiling_min_apps,Fewest applications for a month to count towards a spending cap,5,count,all,agreed,2026-09-17,
quality_test_drop,Quality test: largest fall below the location's usual screening pass rate,0.25,share,all,agreed,2026-09-17,A month more than this far below the location norm is not a successful month
quality_test_min_expected,Quality test applies only where at least this many applications were expected to pass screening,10,count,all,agreed,2026-09-17,
